"","ORD_FST-A_100F99","","CU00241359","","107","Test_Payee_FST1_01-00F99 - title is not valid for ARBALANCE"
"","ORD_SE_BONUS","","CU00243097","","107","Test_Payee_SE_BONUS_2 - title is not valid for ARBALANCE"
"","ORD_FST-A_100F99","","CU00241359","","107","Test_Payee_FST2_01-00F99 - title is not valid for ARBALANCE"
"","ORD_FST-A_100F99","","CU00241359","","107","Test_Payee_FST3_01-00F99 - title is not valid for ARBALANCE"
"","ORD_FST-A_100F99","","CU00241359","","107","Test_Payee_FST4_01-00F99 - title is not valid for ARBALANCE"
"","ORD_FST-A_100F99","","CU00241359","","107","Test_Payee_FST5_01-00F99 - title is not valid for ARBALANCE"
"","ORD_SPM_COM_GAM","","CU00237490","","107","T_Payee_SPM_GAM_01 - title is not valid for ARBALANCE"
"","ORD_SPM_COM_GAM","","CU00237490","","107","T_Payee_SPM_GAM_03 - title is not valid for ARBALANCE"
"","ORD_SPM_COM_GAM","","CU00237490","","107","T_Payee_SPM_GAM_05 - title is not valid for ARBALANCE"
"","ORD_SPM_COM_GAM","","CU00237490","","107","T_Payee_SPM_GAM_04 - title is not valid for ARBALANCE"
"","ORD_SPM_COM_GAM","","CU00237490","","107","T_Payee_SPM_GAM_02 - title is not valid for ARBALANCE"
